{
  "version": 1,
  "width": 204,
  "height": 49,
  "duration": 4.865865,
  "command": null,
  "title": null,
  "env": {
    "TERM": "xterm-256color",
    "SHELL": "/bin/bash"
  },
  "stdout": [
    [
      0.011166,
      "\u001b[?1034hbash-3.2$ "
    ],
    [
      0.267285,
      "d"
    ],
    [
      0.103587,
      "o"
    ],
    [
      0.112318,
      "c"
    ],
    [
      0.071806,
      "k"
    ],
    [
      0.095338,
      "e"
    ],
    [
      0.065602,
      "r"
    ],
    [
      0.030884,
      " "
    ],
    [
      0.055549,
      "p"
    ],
    [
      0.088606,
      "s"
    ],
    [
      0.047863,
      " "
    ],
    [
      0.104114,
      "-"
    ],
    [
      0.183988,
      "l"
    ],
    [
      0.191809,
      "\r\n"
    ],
    [
      0.022842,
      "CONTAINER ID        IMAGE               COMMAND             CREATED             STATUS              PORTS                     NAMES\r\nd6e55df117be        training/webapp     \"python app.py\"     15 hours ago        Up 15 hours         0.0.0.0:32774->5000/tcp   tender_payne\r\n"
    ],
    [
      0.002096,
      "bash-3.2$ "
    ],
    [
      0.998323,
      "d"
    ],
    [
      0.104833,
      "o"
    ],
    [
      0.13609,
      "c"
    ],
    [
      0.09514,
      "k"
    ],
    [
      0.088815,
      "e"
    ],
    [
      0.055757,
      "r"
    ],
    [
      0.04817,
      " "
    ],
    [
      0.063994,
      "l"
    ],
    [
      0.159975,
      "o"
    ],
    [
      0.072047,
      "g"
    ],
    [
      0.079322,
      "s"
    ],
    [
      0.080662,
      " "
    ],
    [
      0.440038,
      "d"
    ],
    [
      0.703827,
      "6"
    ],
    [
      0.247391,
      "\r\n"
    ],
    [
      0.030725,
      " * Running on http://0.0.0.0:5000/ (Press CTRL+C to quit)\r\n172.17.0.1 - - [15/Aug/2017 14:59:32] \"GET / HTTP/1.0\" 200 -\r\n"
    ],
    [
      0.002267,
      "bash-3.2$ "
    ]
  ]
}